76,Marvel,Hail,Female,Great Britain,28,16/08/2016
77,Angelyn,Vong,Female,United States,29,21/05/2015
78,Francesca,Beaudreau,Female,France,23,15/10/2017
79,Garth,Gangi,Male,United States,41,16/08/2016
80,Carla,Trumbull,Female,Great Britain,28,21/05/2015
81,Veta,Muntz,Female,Great Britain,37,15/10/2017
82,Stasia,Becker,Female,Great Britain,34,16/08/2016
83,Jona,Grindle,Female,Great Britain,26,21/05/2015
84,Judie,Claywell,Female,France,35,16/08/2016
85,Dewitt,Borger,Male,United States,36,21/05/2015
86,Nena,Hacker,Female,United States,29,15/10/2017
87,Kelsie,Wachtel,Female,France,27,16/08/2016
88,Sau,Pfau,Female,United States,25,21/05/2015
89,Shanice,Mccrystal,Female,United States,36,21/05/2015
90,Chase,Karner,Male,United States,37,15/10/2017
91,Tommie,Underdahl,Male,United States,26,16/08/2016
92,Dorcas,Darity,Female,United States,37,21/05/2015
93,Angel,Sanor,Male,France,24,15/10/2017
